participant,condition,mental_demand,physical_demand,time_pressure,performance,effort,frustration
415,H,5.561825,4.404417,5.0,4.758873,5.53289,5.221836
443,M,7.623457,2.480228,4.881848,8.2962,6.63966,5.489487
446,M,8.419174,5.59076,5.120563,6.364776,7.182195,2.176408
416,H,8.56385,8.310667,8.267265,4.6576,6.596258,5.641397
474,M,10.0,4.874614,4.209105,6.683063,10.0,5.786073
442,M,6.589024,6.950714,7.182195,2.31385,7.355806,5.22907
425,H,7.471547,7.818769,8.245563,6.466049,7.174961,8.737461
472,H,8.722994,6.068191,2.111304,5.995853,7.478781,4.209105
429,M,7.088156,3.109568,6.719232,6.900077,6.270737,2.010031
450,H,10.0,5.626929,8.093654,4.397184,10.0,6.979649
431,H,8.158758,8.006848,7.080922,3.015529,7.500482,5.0
420,H,5.0,3.160204,4.129533,3.731674,5.0,4.02826
427,M,5.793306,3.485725,6.126061,5.330343,5.453318,5.916281
450,L,10.0,2.986593,6.154996,5.0,8.361304,6.357542
455,M,9.120853,6.089892,8.231096,3.420621,8.455343,6.234568
460,M,6.957948,5.0,5.583526,2.096836,5.561825,4.006559
460,L,6.017554,7.030285,4.201871,2.870853,6.227334,3.022762
435,L,9.359568,5.64863,7.630691,6.42988,6.437114,6.024788
442,L,7.051987,7.471547,6.458816,2.943191,7.522184,5.279707
419,H,8.455343,2.501929,8.100887,1.525367,10.0,6.683063
419,M,9.511478,3.500193,9.612751,0.27392,10.0,9.381269
473,L,9.07745,0.425829,7.811535,4.462288,8.043017,8.08642
419,L,8.911073,3.138503,9.482542,0.809221,10.0,7.977913
432,M,4.339313,4.787809,2.364487,9.374035,6.661362,1.395158
435,H,10.0,5.0,7.00135,5.0,8.050251,6.769869
420,M,3.688272,1.843654,2.147473,2.002797,4.614198,1.821952
422,M,6.589024,3.0951,6.52392,5.547357,5.547357,5.706501
475,H,9.200424,5.815008,6.053723,6.017554,9.525945,4.165702
476,H,5.048225,8.252797,5.605228,2.545332,6.560089,6.466049
468,H,8.513214,2.328318,9.142554,2.277681,8.860436,8.809799
452,L,10.0,0.0,6.263503,8.477045,10.0,1.250482
424,M,6.748167,6.024788,5.511188,4.035494,5.880112,5.53289
472,M,6.907311,6.097126,2.82745,8.737461,6.111593,6.299672
404,H,9.656154,8.845968,8.100887,5.395448,8.65789,3.999325
466,H,8.542149,1.033468,9.13532,5.597994,7.637924,4.08613
441,L,2.25598,1.098573,0.0,0.0,1.981096,0.0
412,H,8.383005,3.044464,6.032022,3.138503,7.09539,7.066454
414,L,6.58179,1.706211,5.0,5.402681,2.574267,2.661073
413,H,6.827739,7.601755,5.923515,5.880112,8.35407,6.386478
471,H,8.274498,4.563561,8.028549,5.966917,8.194927,5.829475
438,H,8.093654,6.849441,7.637924,3.912519,6.169464,5.359279
429,L,6.480517,2.61767,5.004823,8.100887,7.059221,2.0462
453,H,8.954475,7.037519,8.98341,6.176698,6.060957,5.496721
444,M,7.09539,3.239776,6.88561,3.30488,6.003086,6.79157
441,H,7.775367,1.793017,6.531154,5.771605,4.252508,5.901813
422,H,7.037519,6.538387,8.071952,5.728202,6.42988,6.632427
458,M,8.014082,4.172936,5.945216,2.350019,7.355806,4.75164
432,L,8.542149,6.849441,3.6087,9.265529,9.475309,4.013792
417,H,9.055748,7.00135,8.2962,1.453029,8.534915,6.111593
437,L,6.646894,4.469522,6.003086,3.825714,5.807774,4.216339
447,L,7.51495,5.069927,7.384742,7.00135,5.149498,6.299672
439,M,7.775367,7.558353,5.59076,3.391686,7.72473,5.0
445,L,6.589024,6.292438,3.825714,5.467785,4.440586,3.832948
407,H,9.627218,9.446373,9.750193,8.216628,9.627218,3.471258
456,L,8.607253,2.190876,6.668596,5.735436,5.388214,6.603492
428,H,7.746431,5.995853,6.574556,5.597994,7.797068,4.397184
465,H,6.986883,6.762635,6.646894,3.39892,6.415413,6.299672
451,M,8.180459,5.764371,7.088156,5.916281,8.252797,6.335841
416,L,7.681327,7.731964,8.737461,5.778839,7.109857,5.80054
420,L,8.021316,3.435089,6.01032,4.585262,7.051987,5.0
409,H,7.804302,6.111593,8.686825,3.145737,5.663098,5.409915
402,L,8.534915,6.270737,7.57282,6.806038,7.637924,7.695795
433,H,6.654128,7.977913,7.261767,3.297647,4.823978,4.230806
423,M,9.547647,9.612751,8.187693,7.66686,7.840471,1.315586
424,H,8.043017,7.051987,6.032022,4.585262,6.531154,4.592496
418,M,5.525656,6.509452,3.76061,6.842207,3.702739,2.364487
460,H,5.004823,6.603492,5.561825,6.994117,5.0,1.850887
456,M,8.006848,4.172936,6.531154,3.521894,5.894579,6.567323
423,H,10.0,9.294464,9.048515,6.408179,7.536651,2.40789
467,M,7.970679,4.939718,5.511188,7.42091,7.645158,6.834973
402,H,8.375772,7.102623,8.440876,4.158468,8.50598,6.58179
407,L,8.744695,8.267265,8.375772,8.809799,9.518711,4.570795
411,L,5.807774,0.69348,5.735436,0.613908,2.740644,6.748167
459,H,6.2201,7.449846,6.806038,5.706501,7.948978,6.52392
461,L,3.572531,4.078897,3.926987,3.869117,5.142265,2.444059
437,M,7.493248,5.301408,6.191165,3.623167,6.711998,3.275945
412,L,7.059221,3.261478,6.386478,3.442323,6.379244,5.0
445,M,8.115355,7.218364,5.966917,7.189429,6.603492,2.140239
430,L,7.529417,4.54186,5.692033,6.675829,7.51495,5.720968
418,H,8.527681,7.536651,6.972415,5.424383,8.064718,5.402681
415,L,6.466049,4.093364,5.0,4.252508,5.851177,4.339313
454,M,6.140529,2.639371,6.10436,3.724441,4.245274,3.955922
408,H,8.426408,1.62664,8.245563,7.956211,6.068191,0.360725
439,H,8.92554,6.379244,9.460841,2.820216,8.223862,5.735436
411,H,9.468075,2.67554,7.261767,2.321084,7.601755,1.68451
468,L,8.592785,1.850887,6.205633,1.402392,7.710262,6.502218
438,M,4.563561,5.258005,3.442323,7.030285,3.977623,7.15326
451,L,6.719232,6.625193,6.270737,7.977913,7.66686,3.992091
428,L,6.097126,5.236304,5.163966,5.38098,5.793306,5.113329
456,H,8.455343,2.284915,9.583816,6.133295,3.572531,9.128086
452,M,10.0,2.97936,7.21113,7.57282,10.0,1.192612
421,L,7.789834,7.15326,6.834973,3.029996,6.509452,6.654128
459,L,7.522184,1.901524,7.449846,5.431617,7.09539,6.068191
463,M,9.301698,8.679591,9.359568,4.426119,9.041281,7.059221
440,H,8.064718,6.003086,8.809799,4.476755,6.617959,7.594522
469,L,3.109568,4.549093,4.049961,7.037519,4.397184,3.746142
453,M,7.297936,6.183931,6.212867,8.050251,7.370274,7.355806
448,L,10.0,0.27392,9.236593,3.500193,10.0,3.377218
458,H,9.07745,8.628954,6.350309,2.494695,8.231096,6.950714
425,M,3.775077,5.966917,5.178434,3.355517,2.653839,1.040702
477,M,5.699267,5.330343,5.1712,5.0,5.127797,5.0
452,H,10.0,5.0,9.070216,5.880112,10.0,7.652392
464,M,7.051987,7.174961,6.292438,6.032022,5.156732,5.0
477,L,5.402681,5.294174,5.01929,5.0,5.091628,5.0
437,H,7.72473,6.046489,6.849441,4.729938,6.480517,3.804012
470,M,6.516686,3.449556,7.00135,7.399209,7.066454,6.111593
404,L,7.811535,7.442612,8.050251,4.100598,8.375772,6.386478
449,H,9.28723,8.20216,6.212867,8.643422,8.882137,1.011767
443,H,9.236593,7.196663,8.383005,7.659626,8.77363,7.348573
455,L,9.012346,6.646894,8.542149,3.073399,8.520448,7.189429
432,H,8.874904,8.766397,9.605517,5.612461,8.267265,1.908758
431,L,6.039255,5.0,6.516686,6.039255,7.00135,4.006559
434,H,6.133295,5.706501,6.118827,5.569059,6.422647,3.709973
417,L,7.529417,6.52392,5.757137,0.0,7.449846,2.863619
467,H,8.513214,8.108121,8.028549,9.055748,8.621721,5.0
435,M,8.238329,6.321373,7.30517,5.684799,6.364776,4.795042
448,H,9.800829,3.326582,10.0,0.90326,9.685089,7.478781
475,L,9.294464,0.990066,5.489487,6.060957,9.771894,5.004823
447,H,9.012346,8.057485,7.507716,6.198399,8.411941,9.525945
433,L,5.258005,5.142265,4.476755,6.16223,5.554591,7.507716
461,M,5.916281,5.59076,4.975887,5.64863,5.409915,4.787809
412,M,8.014082,3.181906,6.089892,2.588735,6.097126,5.0
441,M,3.225309,0.0,0.418596,0.0,0.469232,0.0
459,H,9.113619,7.608989,9.13532,3.442323,8.817033,7.109857
440,M,7.529417,5.0,4.035494,3.51466,6.003086,6.227334
476,M,8.77363,8.788098,8.874904,6.538387,8.737461,6.914545
414,H,6.545621,4.664834,8.043017,4.035494,5.655864,4.889082
404,M,8.686825,7.637924,5.95245,4.491223,8.527681,6.176698
462,H,9.468075,8.231096,9.128086,5.981385,7.695795,3.051698
471,M,7.963445,4.057195,7.970679,6.784336,6.748167,3.001061
469,M,8.896605,4.556327,8.968943,7.218364,6.111593,0.700714
477,H,7.87664,5.829475,8.194927,6.900077,6.335841,5.0
409,L,5.974151,5.735436,3.890818,1.995563,7.471547,5.923515
423,L,9.547647,9.728492,8.108121,7.283468,9.106385,1.843654
418,L,6.393711,4.230806,4.223573,5.402681,6.762635,4.946952
447,M,7.637924,5.655864,7.630691,8.194927,7.630691,8.071952
444,H,10.0,3.0951,9.822531,5.308642,9.728492,9.446373
416,M,7.87664,7.435378,7.240066,4.129533,6.386478,6.42988
430,M,8.383005,3.97039,5.634163,6.01032,7.131559,5.64863
468,M,8.433642,1.95216,7.681327,2.841917,7.486015,7.384742
458,L,9.193191,4.578029,7.580054,1.156443,7.037519,7.623457
411,M,1.604938,1.5326,3.550829,1.026235,1.887056,5.540123
426,M,6.900077,6.306906,6.111593,4.288677,6.111593,5.525656
426,H,7.478781,5.843943,6.646894,3.890818,7.269001,5.822242
439,L,7.659626,6.400945,7.09539,4.187404,6.777103,5.0
438,L,6.777103,5.547357,5.286941,4.606964,4.151235,5.619695
464,L,6.509452,6.350309,8.35407,7.09539,3.232542,5.0
442,H,8.2962,7.478781,8.903839,4.078897,7.977913,5.822242
457,L,7.637924,6.068191,5.200135,0.584973,6.285204,8.498746
434,M,6.234568,4.006559,6.075424,6.075424,6.060957,1.735147
466,L,9.583816,1.11304,9.157022,7.102623,7.051987,5.091628
462,M,9.265529,2.595968,6.834973,3.080633,8.722994,3.695505
451,H,8.100887,7.232832,7.985147,7.442612,6.878376,7.854938
409,M,7.985147,6.965181,9.106385,2.704475,7.457079,7.015818
427,H,6.545621,5.344811,5.634163,5.308642,5.511188,5.815008
444,L,10.0,3.97039,9.193191,4.729938,9.793596,8.209394
463,H,9.446373,9.113619,9.128086,6.675829,7.891107,7.688561
457,H,8.694059,6.039255,8.882137,4.860147,8.889371,8.896605
457,M,8.614487,6.154996,6.936246,8.390239,8.303434,7.57282
446,H,8.722994,5.43885,7.406443,4.353781,7.138792,2.010031
415,M,7.551119,5.113329,3.832948,6.516686,6.400945,5.352045
471,L,6.632427,3.840181,3.789545,7.283468,6.567323,3.869117
474,L,10.0,7.15326,5.402681,7.088156,10.0,6.646894
413,L,8.650656,5.561825,8.397473,5.59076,8.310667,5.446084
449,L,7.493248,9.3451,5.663098,6.88561,8.288966,0.519869
414,M,5.0,3.507427,3.500193,6.089892,3.239776,2.581501
473,H,10.0,4.585262,10.0,3.174672,10.0,10.0
474,H,10.0,5.923515,5.974151,2.986593,7.580054,6.060957
461,H,5.815008,5.062693,5.120563,4.6576,5.308642,3.926987
454,L,8.2962,4.563561,4.780575,3.18914,6.538387,5.59076
446,L,7.999614,5.916281,7.109857,2.147473,7.608989,1.163677
454,H,8.173225,3.290413,4.6576,2.88532,6.386478,3.362751
413,M,6.299672,8.513214,5.409915,4.621431,5.503954,5.388214
433,M,6.16223,8.650656,6.863908,7.789834,6.111593,5.518422
453,L,7.117091,6.227334,6.212867,8.021316,7.066454,7.080922
443,L,7.637924,1.547068,7.507716,7.948978,7.023052,5.764371
467,L,5.923515,3.413387,6.379244,7.739198,6.285204,3.500193
462,L,7.312404,7.529417,7.580054,2.624904,8.426408,5.988619
421,H,8.260031,7.080922,7.522184,3.543596,7.587288,7.182195
431,M,8.093654,5.0,5.692033,6.212867,7.073688,3.87635
470,L,4.686535,2.878086,5.373746,6.126061,4.346547,5.988619
429,H,8.021316,2.075135,7.131559,7.131559,7.160494,3.355517
476,L,2.899788,2.060667,8.759163,3.869117,10.0,6.400945
470,H,7.565586,1.858121,5.619695,6.726466,5.265239,6.039255
428,M,7.507716,6.198399,5.243538,6.234568,8.614487,4.795042
434,L,6.16223,6.068191,6.053723,4.744406,6.675829,5.85841
464,H,9.301698,7.970679,8.77363,5.0,2.472994,5.0
427,L,4.845679,5.43885,4.990355,4.59973,4.896316,5.352045
410,H,8.223862,5.0,8.274498,7.847704,7.276235,4.281443
469,H,6.017554,3.984857,5.909047,6.31414,5.74267,6.249035
472,L,7.854938,5.909047,2.73341,9.236593,7.312404,2.429591
417,M,8.158758,6.94348,5.641397,0.367959,7.391975,4.245274
402,M,8.375772,7.261767,8.600019,4.404417,7.037519,7.261767
473,M,9.757427,3.76061,9.822531,3.630401,10.0,9.699556
430,H,7.970679,3.362751,3.934221,7.276235,6.863908,5.641397
448,M,10.0,0.642843,10.0,1.633873,10.0,1.293885
410,L,5.786073,3.579765,4.440586,3.427855,4.975887,6.675829
410,M,6.176698,3.152971,4.983121,3.377218,6.234568,6.979649
450,M,10.0,5.612461,4.701003,5.0,10.0,5.359279
408,L,6.386478,1.47473,5.0,3.898052,5.583526,0.259452
466,M,9.113619,1.011767,9.099151,6.01032,7.09539,6.003086
475,M,8.549383,5.518422,5.250772,4.59973,9.005112,5.012056
424,L,6.690297,5.981385,5.793306,3.796779,5.612461,5.764371
407,M,9.193191,8.795332,8.44811,8.860436,9.323399,5.829475
408,M,6.531154,2.378954,5.511188,3.218075,6.632427,0.339024
449,M,8.976177,8.151524,5.409915,7.645158,9.099151,0.339024
426,L,8.585552,5.930748,6.531154,4.614198,7.261767,6.024788
421,M,8.043017,4.021026,6.516686,3.507427,8.180459,7.608989
445,H,7.36304,7.290702,5.822242,5.409915,5.728202,3.941454
465,L,3.586998,3.420621,4.230806,6.060957,3.521894,2.935957
455,H,9.019579,6.140529,9.605517,3.767843,8.08642,6.487751
440,L,5.0,3.883584,4.534626,1.576003,4.071663,3.261478
422,L,5.402681,7.717496,5.612461,6.37201,5.583526,7.355806
463,L,9.641686,5.851177,2.61767,3.919753,9.222126,6.118827
425,L,6.813272,8.122589,5.366512,3.543596,4.158468,2.52363
465,M,6.292438,3.905285,3.073399,3.738908,6.234568,4.701003
