ID,Order
402,L-H-M
404,M-H-L
407,L-M-H
408,L-H-M
409,M-L-H
410,M-H-L
411,H-L-M
412,H-M-L
413,L-M-H
414,L-H-M
415,M-L-H
416,M-H-L
417,H-L-M
418,H-M-L
419,L-M-H
420,L-H-M
421,M-L-H
422,M-H-L
423,H-L-M
424,H-M-L
425,L-M-H
426,L-H-M
427,M-L-H
428,M-H-L
429,H-L-M
430,H-M-L
431,L-M-H
432,L-H-M
433,M-L-H
434,M-H-L
435,H-L-M
437,L-M-H
438,L-H-M
439,M-L-H
440,M-H-L
441,H-L-M
442,H-M-L
443,L-M-H
444,L-H-M
445,M-L-H
446,M-H-L
447,H-L-M
448,H-M-L
449,L-M-H
450,L-H-M
451,M-L-H
452,M-H-L
453,H-L-M
454,H-M-L
455,H-M-L
456,M-L-H
457,H-M-L
458,M-L-H
459,L-H-M
460,M-H-L
461,L-M-H
462,M-L-H
463,L-H-M
464,H-L-M
465,M-H-L
466,H-M-L
467,L-M-H
468,H-L-M
469,M-L-H
470,H-L-M
471,M-H-L
472,H-M-L
473,L-M-H
474,H-M-L
475,L-M-H
476,L-H-M
477,H-L-M