file,metric,bad_windows,total_windows,pct_bad
468_H.csv,eyes,0,4,0.0
468_H.csv,head_rotation,0,4,0.0
468_H.csv,mouth_dist,0,4,0.0
468_H.csv,pupils_combined,0,4,0.0
468_H.csv,center_face,0,4,0.0
475_M.csv,eyes,0,4,0.0
475_M.csv,head_rotation,0,4,0.0
475_M.csv,mouth_dist,0,4,0.0
475_M.csv,pupils_combined,0,4,0.0
475_M.csv,center_face,0,4,0.0
430_M.csv,eyes,0,4,0.0
430_M.csv,head_rotation,0,4,0.0
430_M.csv,mouth_dist,0,4,0.0
430_M.csv,pupils_combined,0,4,0.0
430_M.csv,center_face,0,4,0.0
451_L.csv,eyes,0,4,0.0
451_L.csv,head_rotation,0,4,0.0
451_L.csv,mouth_dist,0,4,0.0
451_L.csv,pupils_combined,0,4,0.0
451_L.csv,center_face,0,4,0.0
414_L.csv,eyes,0,4,0.0
414_L.csv,head_rotation,0,4,0.0
414_L.csv,mouth_dist,0,4,0.0
414_L.csv,pupils_combined,0,4,0.0
414_L.csv,center_face,0,4,0.0
429_L.csv,eyes,0,4,0.0
429_L.csv,head_rotation,0,4,0.0
429_L.csv,mouth_dist,0,4,0.0
429_L.csv,pupils_combined,0,4,0.0
429_L.csv,center_face,0,4,0.0
448_M.csv,eyes,0,4,0.0
448_M.csv,head_rotation,0,4,0.0
448_M.csv,mouth_dist,0,4,0.0
448_M.csv,pupils_combined,0,4,0.0
448_M.csv,center_face,0,4,0.0
410_H.csv,eyes,0,4,0.0
410_H.csv,head_rotation,0,4,0.0
410_H.csv,mouth_dist,0,4,0.0
410_H.csv,pupils_combined,0,4,0.0
410_H.csv,center_face,0,4,0.0
455_H.csv,eyes,0,4,0.0
455_H.csv,head_rotation,0,4,0.0
455_H.csv,mouth_dist,0,4,0.0
455_H.csv,pupils_combined,0,4,0.0
455_H.csv,center_face,0,4,0.0
448_L.csv,eyes,0,4,0.0
448_L.csv,head_rotation,0,4,0.0
448_L.csv,mouth_dist,0,4,0.0
448_L.csv,pupils_combined,0,4,0.0
448_L.csv,center_face,0,4,0.0
434_H.csv,eyes,0,4,0.0
434_H.csv,head_rotation,0,4,0.0
434_H.csv,mouth_dist,0,4,0.0
434_H.csv,pupils_combined,0,4,0.0
434_H.csv,center_face,0,4,0.0
471_H.csv,eyes,0,4,0.0
471_H.csv,head_rotation,0,4,0.0
471_H.csv,mouth_dist,0,4,0.0
471_H.csv,pupils_combined,0,4,0.0
471_H.csv,center_face,0,4,0.0
429_M.csv,eyes,0,4,0.0
429_M.csv,head_rotation,0,4,0.0
429_M.csv,mouth_dist,0,4,0.0
429_M.csv,pupils_combined,0,4,0.0
429_M.csv,center_face,0,4,0.0
451_M.csv,eyes,0,4,0.0
451_M.csv,head_rotation,0,4,0.0
451_M.csv,mouth_dist,0,4,0.0
451_M.csv,pupils_combined,0,4,0.0
451_M.csv,center_face,0,4,0.0
414_M.csv,eyes,0,4,0.0
414_M.csv,head_rotation,0,4,0.0
414_M.csv,mouth_dist,0,4,0.0
414_M.csv,pupils_combined,0,4,0.0
414_M.csv,center_face,0,4,0.0
409_H.csv,eyes,0,4,0.0
409_H.csv,head_rotation,0,4,0.0
409_H.csv,mouth_dist,0,4,0.0
409_H.csv,pupils_combined,0,4,0.0
409_H.csv,center_face,0,4,0.0
475_L.csv,eyes,0,4,0.0
475_L.csv,head_rotation,0,4,0.0
475_L.csv,mouth_dist,0,4,0.0
475_L.csv,pupils_combined,0,4,0.0
475_L.csv,center_face,0,4,0.0
430_L.csv,eyes,0,4,0.0
430_L.csv,head_rotation,0,4,0.0
430_L.csv,mouth_dist,0,4,0.0
430_L.csv,pupils_combined,0,4,0.0
430_L.csv,center_face,0,4,0.0
453_M.csv,eyes,0,4,0.0
453_M.csv,head_rotation,0,4,0.0
453_M.csv,mouth_dist,0,4,0.0
453_M.csv,pupils_combined,0,4,0.0
453_M.csv,center_face,0,4,0.0
416_M.csv,eyes,0,4,0.0
416_M.csv,head_rotation,0,4,0.0
416_M.csv,mouth_dist,0,4,0.0
416_M.csv,pupils_combined,0,4,0.0
416_M.csv,center_face,0,4,0.0
477_L.csv,eyes,0,4,0.0
477_L.csv,head_rotation,0,4,0.0
477_L.csv,mouth_dist,0,4,0.0
477_L.csv,pupils_combined,0,4,0.0
477_L.csv,center_face,0,4,0.0
432_L.csv,eyes,0,4,0.0
432_L.csv,head_rotation,0,4,0.0
432_L.csv,mouth_dist,0,4,0.0
432_L.csv,pupils_combined,0,4,0.0
432_L.csv,center_face,0,4,0.0
473_H.csv,eyes,0,4,0.0
473_H.csv,head_rotation,0,4,0.0
473_H.csv,mouth_dist,0,4,0.0
473_H.csv,pupils_combined,0,4,0.0
473_H.csv,center_face,0,4,0.0
412_H.csv,eyes,0,4,0.0
412_H.csv,head_rotation,0,4,0.0
412_H.csv,mouth_dist,0,4,0.0
412_H.csv,pupils_combined,0,4,0.0
412_H.csv,center_face,0,4,0.0
457_H.csv,eyes,0,4,0.0
457_H.csv,head_rotation,0,4,0.0
457_H.csv,mouth_dist,0,4,0.0
457_H.csv,pupils_combined,0,4,0.0
457_H.csv,center_face,0,4,0.0
477_M.csv,eyes,0,4,0.0
477_M.csv,head_rotation,0,4,0.0
477_M.csv,mouth_dist,0,4,0.0
477_M.csv,pupils_combined,0,4,0.0
477_M.csv,center_face,0,4,0.0
432_M.csv,eyes,0,4,0.0
432_M.csv,head_rotation,0,4,0.0
432_M.csv,mouth_dist,0,4,0.0
432_M.csv,pupils_combined,0,4,0.0
432_M.csv,center_face,0,4,0.0
453_L.csv,eyes,0,4,0.0
453_L.csv,head_rotation,0,4,0.0
453_L.csv,mouth_dist,0,4,0.0
453_L.csv,pupils_combined,0,4,0.0
453_L.csv,center_face,0,4,0.0
416_L.csv,eyes,0,4,0.0
416_L.csv,head_rotation,0,4,0.0
416_L.csv,mouth_dist,0,4,0.0
416_L.csv,pupils_combined,0,4,0.0
416_L.csv,center_face,0,4,0.0
416_H.csv,eyes,0,4,0.0
416_H.csv,head_rotation,0,4,0.0
416_H.csv,mouth_dist,0,4,0.0
416_H.csv,pupils_combined,0,4,0.0
416_H.csv,center_face,0,4,0.0
453_H.csv,eyes,0,4,0.0
453_H.csv,head_rotation,0,4,0.0
453_H.csv,mouth_dist,0,4,0.0
453_H.csv,pupils_combined,0,4,0.0
453_H.csv,center_face,0,4,0.0
457_L.csv,eyes,0,4,0.0
457_L.csv,head_rotation,0,4,0.0
457_L.csv,mouth_dist,0,4,0.0
457_L.csv,pupils_combined,0,4,0.0
457_L.csv,center_face,0,4,0.0
412_L.csv,eyes,1,5,0.2
412_L.csv,head_rotation,1,5,0.2
412_L.csv,mouth_dist,0,5,0.0
412_L.csv,pupils_combined,0,5,0.0
412_L.csv,center_face,0,5,0.0
473_M.csv,eyes,0,4,0.0
473_M.csv,head_rotation,0,4,0.0
473_M.csv,mouth_dist,0,4,0.0
473_M.csv,pupils_combined,0,4,0.0
473_M.csv,center_face,0,4,0.0
473_L.csv,eyes,0,4,0.0
473_L.csv,head_rotation,0,4,0.0
473_L.csv,mouth_dist,0,4,0.0
473_L.csv,pupils_combined,0,4,0.0
473_L.csv,center_face,0,4,0.0
457_M.csv,eyes,0,4,0.0
457_M.csv,head_rotation,0,4,0.0
457_M.csv,mouth_dist,0,4,0.0
457_M.csv,pupils_combined,0,4,0.0
457_M.csv,center_face,0,4,0.0
412_M.csv,eyes,0,4,0.0
412_M.csv,head_rotation,0,4,0.0
412_M.csv,mouth_dist,0,4,0.0
412_M.csv,pupils_combined,0,4,0.0
412_M.csv,center_face,0,4,0.0
432_H.csv,eyes,0,4,0.0
432_H.csv,head_rotation,0,4,0.0
432_H.csv,mouth_dist,0,4,0.0
432_H.csv,pupils_combined,0,4,0.0
432_H.csv,center_face,0,4,0.0
477_H.csv,eyes,0,4,0.0
477_H.csv,head_rotation,0,4,0.0
477_H.csv,mouth_dist,0,4,0.0
477_H.csv,pupils_combined,0,4,0.0
477_H.csv,center_face,0,4,0.0
468_M.csv,eyes,0,4,0.0
468_M.csv,head_rotation,0,4,0.0
468_M.csv,mouth_dist,0,4,0.0
468_M.csv,pupils_combined,0,4,0.0
468_M.csv,center_face,0,4,0.0
430_H.csv,eyes,0,4,0.0
430_H.csv,head_rotation,0,4,0.0
430_H.csv,mouth_dist,0,4,0.0
430_H.csv,pupils_combined,0,4,0.0
430_H.csv,center_face,0,4,0.0
475_H.csv,eyes,0,4,0.0
475_H.csv,head_rotation,0,4,0.0
475_H.csv,mouth_dist,0,4,0.0
475_H.csv,pupils_combined,0,4,0.0
475_H.csv,center_face,0,4,0.0
409_L.csv,eyes,0,4,0.0
409_L.csv,head_rotation,0,4,0.0
409_L.csv,mouth_dist,0,4,0.0
409_L.csv,pupils_combined,0,4,0.0
409_L.csv,center_face,0,4,0.0
471_L.csv,eyes,0,4,0.0
471_L.csv,head_rotation,0,4,0.0
471_L.csv,mouth_dist,0,4,0.0
471_L.csv,pupils_combined,0,4,0.0
471_L.csv,center_face,0,4,0.0
434_L.csv,eyes,0,4,0.0
434_L.csv,head_rotation,0,4,0.0
434_L.csv,mouth_dist,0,4,0.0
434_L.csv,pupils_combined,0,4,0.0
434_L.csv,center_face,1,4,0.25
448_H.csv,eyes,0,4,0.0
448_H.csv,head_rotation,0,4,0.0
448_H.csv,mouth_dist,0,4,0.0
448_H.csv,pupils_combined,0,4,0.0
448_H.csv,center_face,0,4,0.0
455_M.csv,eyes,0,4,0.0
455_M.csv,head_rotation,0,4,0.0
455_M.csv,mouth_dist,0,4,0.0
455_M.csv,pupils_combined,0,4,0.0
455_M.csv,center_face,0,4,0.0
410_M.csv,eyes,0,4,0.0
410_M.csv,head_rotation,0,4,0.0
410_M.csv,mouth_dist,0,4,0.0
410_M.csv,pupils_combined,0,4,0.0
410_M.csv,center_face,0,4,0.0
455_L.csv,eyes,0,4,0.0
455_L.csv,head_rotation,0,4,0.0
455_L.csv,mouth_dist,0,4,0.0
455_L.csv,pupils_combined,0,4,0.0
455_L.csv,center_face,0,4,0.0
410_L.csv,eyes,0,4,0.0
410_L.csv,head_rotation,0,4,0.0
410_L.csv,mouth_dist,0,4,0.0
410_L.csv,pupils_combined,0,4,0.0
410_L.csv,center_face,0,4,0.0
471_M.csv,eyes,0,4,0.0
471_M.csv,head_rotation,0,4,0.0
471_M.csv,mouth_dist,0,4,0.0
471_M.csv,pupils_combined,0,4,0.0
471_M.csv,center_face,0,4,0.0
434_M.csv,eyes,0,4,0.0
434_M.csv,head_rotation,0,4,0.0
434_M.csv,mouth_dist,0,4,0.0
434_M.csv,pupils_combined,0,4,0.0
434_M.csv,center_face,0,4,0.0
429_H.csv,eyes,0,4,0.0
429_H.csv,head_rotation,0,4,0.0
429_H.csv,mouth_dist,0,4,0.0
429_H.csv,pupils_combined,0,4,0.0
429_H.csv,center_face,0,4,0.0
414_H.csv,eyes,0,4,0.0
414_H.csv,head_rotation,0,4,0.0
414_H.csv,mouth_dist,0,4,0.0
414_H.csv,pupils_combined,0,4,0.0
414_H.csv,center_face,0,4,0.0
451_H.csv,eyes,0,4,0.0
451_H.csv,head_rotation,0,4,0.0
451_H.csv,mouth_dist,0,4,0.0
451_H.csv,pupils_combined,0,4,0.0
451_H.csv,center_face,0,4,0.0
409_M.csv,eyes,0,4,0.0
409_M.csv,head_rotation,0,4,0.0
409_M.csv,mouth_dist,0,4,0.0
409_M.csv,pupils_combined,0,4,0.0
409_M.csv,center_face,0,4,0.0
468_L.csv,eyes,0,4,0.0
468_L.csv,head_rotation,0,4,0.0
468_L.csv,mouth_dist,0,4,0.0
468_L.csv,pupils_combined,0,4,0.0
468_L.csv,center_face,0,4,0.0
472_H.csv,eyes,0,4,0.0
472_H.csv,head_rotation,0,4,0.0
472_H.csv,mouth_dist,0,4,0.0
472_H.csv,pupils_combined,0,4,0.0
472_H.csv,center_face,0,4,0.0
437_H.csv,eyes,0,4,0.0
437_H.csv,head_rotation,0,4,0.0
437_H.csv,mouth_dist,0,4,0.0
437_H.csv,pupils_combined,0,4,0.0
437_H.csv,center_face,0,4,0.0
433_L.csv,eyes,0,4,0.0
433_L.csv,head_rotation,0,4,0.0
433_L.csv,mouth_dist,0,4,0.0
433_L.csv,pupils_combined,0,4,0.0
433_L.csv,center_face,0,4,0.0
476_L.csv,eyes,0,4,0.0
476_L.csv,head_rotation,0,4,0.0
476_L.csv,mouth_dist,0,4,0.0
476_L.csv,pupils_combined,0,4,0.0
476_L.csv,center_face,0,4,0.0
417_M.csv,eyes,0,4,0.0
417_M.csv,head_rotation,0,4,0.0
417_M.csv,mouth_dist,0,4,0.0
417_M.csv,pupils_combined,0,4,0.0
417_M.csv,center_face,0,4,0.0
452_M.csv,eyes,0,4,0.0
452_M.csv,head_rotation,0,4,0.0
452_M.csv,mouth_dist,0,4,0.0
452_M.csv,pupils_combined,0,4,0.0
452_M.csv,center_face,0,4,0.0
417_L.csv,eyes,0,4,0.0
417_L.csv,head_rotation,0,4,0.0
417_L.csv,mouth_dist,0,4,0.0
417_L.csv,pupils_combined,0,4,0.0
417_L.csv,center_face,0,4,0.0
452_L.csv,eyes,0,4,0.0
452_L.csv,head_rotation,0,4,0.0
452_L.csv,mouth_dist,0,4,0.0
452_L.csv,pupils_combined,0,4,0.0
452_L.csv,center_face,0,4,0.0
433_M.csv,eyes,0,4,0.0
433_M.csv,head_rotation,0,4,0.0
433_M.csv,mouth_dist,0,4,0.0
433_M.csv,pupils_combined,0,4,0.0
433_M.csv,center_face,0,4,0.0
476_M.csv,eyes,0,4,0.0
476_M.csv,head_rotation,0,4,0.0
476_M.csv,mouth_dist,0,4,0.0
476_M.csv,pupils_combined,0,4,0.0
476_M.csv,center_face,0,4,0.0
456_H.csv,eyes,1,4,0.25
456_H.csv,head_rotation,1,4,0.25
456_H.csv,mouth_dist,0,4,0.0
456_H.csv,pupils_combined,0,4,0.0
456_H.csv,center_face,0,4,0.0
413_H.csv,eyes,0,4,0.0
413_H.csv,head_rotation,0,4,0.0
413_H.csv,mouth_dist,0,4,0.0
413_H.csv,pupils_combined,0,4,0.0
413_H.csv,center_face,0,4,0.0
449_M.csv,eyes,0,4,0.0
449_M.csv,head_rotation,0,4,0.0
449_M.csv,mouth_dist,0,4,0.0
449_M.csv,pupils_combined,0,4,0.0
449_M.csv,center_face,0,4,0.0
454_H.csv,eyes,0,4,0.0
454_H.csv,head_rotation,0,4,0.0
454_H.csv,mouth_dist,0,4,0.0
454_H.csv,pupils_combined,0,4,0.0
454_H.csv,center_face,0,4,0.0
411_H.csv,eyes,0,4,0.0
411_H.csv,head_rotation,0,4,0.0
411_H.csv,mouth_dist,0,4,0.0
411_H.csv,pupils_combined,0,4,0.0
411_H.csv,center_face,0,4,0.0
428_L.csv,eyes,0,4,0.0
428_L.csv,head_rotation,0,4,0.0
428_L.csv,mouth_dist,0,4,0.0
428_L.csv,pupils_combined,0,4,0.0
428_L.csv,center_face,0,4,0.0
415_L.csv,eyes,0,4,0.0
415_L.csv,head_rotation,0,4,0.0
415_L.csv,mouth_dist,0,4,0.0
415_L.csv,pupils_combined,0,4,0.0
415_L.csv,center_face,0,4,0.0
450_L.csv,eyes,0,4,0.0
450_L.csv,head_rotation,0,4,0.0
450_L.csv,mouth_dist,0,4,0.0
450_L.csv,pupils_combined,0,4,0.0
450_L.csv,center_face,0,4,0.0
469_H.csv,eyes,0,4,0.0
469_H.csv,head_rotation,0,4,0.0
469_H.csv,mouth_dist,0,4,0.0
469_H.csv,pupils_combined,0,4,0.0
469_H.csv,center_face,0,4,0.0
431_M.csv,eyes,0,4,0.0
431_M.csv,head_rotation,0,4,0.0
431_M.csv,mouth_dist,0,4,0.0
431_M.csv,pupils_combined,0,4,0.0
431_M.csv,center_face,0,4,0.0
474_M.csv,eyes,0,4,0.0
474_M.csv,head_rotation,0,4,0.0
474_M.csv,mouth_dist,0,4,0.0
474_M.csv,pupils_combined,0,4,0.0
474_M.csv,center_face,0,4,0.0
431_L.csv,eyes,0,4,0.0
431_L.csv,head_rotation,0,4,0.0
431_L.csv,mouth_dist,0,4,0.0
431_L.csv,pupils_combined,0,4,0.0
431_L.csv,center_face,0,4,0.0
474_L.csv,eyes,1,4,0.25
474_L.csv,head_rotation,1,4,0.25
474_L.csv,mouth_dist,1,4,0.25
474_L.csv,pupils_combined,1,4,0.25
474_L.csv,center_face,1,4,0.25
415_M.csv,eyes,0,4,0.0
415_M.csv,head_rotation,0,4,0.0
415_M.csv,mouth_dist,0,4,0.0
415_M.csv,pupils_combined,0,4,0.0
415_M.csv,center_face,0,4,0.0
450_M.csv,eyes,0,4,0.0
450_M.csv,head_rotation,0,4,0.0
450_M.csv,mouth_dist,0,4,0.0
450_M.csv,pupils_combined,0,4,0.0
450_M.csv,center_face,0,4,0.0
408_H.csv,eyes,0,4,0.0
408_H.csv,head_rotation,0,4,0.0
408_H.csv,mouth_dist,0,4,0.0
408_H.csv,pupils_combined,0,4,0.0
408_H.csv,center_face,0,4,0.0
470_H.csv,eyes,0,4,0.0
470_H.csv,head_rotation,0,4,0.0
470_H.csv,mouth_dist,0,4,0.0
470_H.csv,pupils_combined,0,4,0.0
470_H.csv,center_face,0,4,0.0
435_H.csv,eyes,0,4,0.0
435_H.csv,head_rotation,0,4,0.0
435_H.csv,mouth_dist,0,4,0.0
435_H.csv,pupils_combined,0,4,0.0
435_H.csv,center_face,0,4,0.0
428_M.csv,eyes,0,4,0.0
428_M.csv,head_rotation,0,4,0.0
428_M.csv,mouth_dist,0,4,0.0
428_M.csv,pupils_combined,0,4,0.0
428_M.csv,center_face,0,4,0.0
449_L.csv,eyes,0,4,0.0
449_L.csv,head_rotation,0,4,0.0
449_L.csv,mouth_dist,0,4,0.0
449_L.csv,pupils_combined,0,4,0.0
449_L.csv,center_face,0,4,0.0
449_H.csv,eyes,0,4,0.0
449_H.csv,head_rotation,0,4,0.0
449_H.csv,mouth_dist,0,4,0.0
449_H.csv,pupils_combined,0,4,0.0
449_H.csv,center_face,0,4,0.0
411_M.csv,eyes,0,4,0.0
411_M.csv,head_rotation,0,4,0.0
411_M.csv,mouth_dist,0,4,0.0
411_M.csv,pupils_combined,0,4,0.0
411_M.csv,center_face,0,4,0.0
454_M.csv,eyes,0,4,0.0
454_M.csv,head_rotation,0,4,0.0
454_M.csv,mouth_dist,0,4,0.0
454_M.csv,pupils_combined,0,4,0.0
454_M.csv,center_face,0,4,0.0
435_L.csv,eyes,0,4,0.0
435_L.csv,head_rotation,0,4,0.0
435_L.csv,mouth_dist,0,4,0.0
435_L.csv,pupils_combined,0,4,0.0
435_L.csv,center_face,0,4,0.0
470_L.csv,eyes,0,4,0.0
470_L.csv,head_rotation,0,4,0.0
470_L.csv,mouth_dist,0,4,0.0
470_L.csv,pupils_combined,0,4,0.0
470_L.csv,center_face,0,4,0.0
408_L.csv,eyes,0,4,0.0
408_L.csv,head_rotation,0,4,0.0
408_L.csv,mouth_dist,0,4,0.0
408_L.csv,pupils_combined,0,4,0.0
408_L.csv,center_face,0,4,0.0
469_M.csv,eyes,0,4,0.0
469_M.csv,head_rotation,0,4,0.0
469_M.csv,mouth_dist,0,4,0.0
469_M.csv,pupils_combined,0,4,0.0
469_M.csv,center_face,0,4,0.0
474_H.csv,eyes,1,5,0.2
474_H.csv,head_rotation,1,5,0.2
474_H.csv,mouth_dist,1,5,0.2
474_H.csv,pupils_combined,1,5,0.2
474_H.csv,center_face,1,5,0.2
431_H.csv,eyes,0,4,0.0
431_H.csv,head_rotation,0,4,0.0
431_H.csv,mouth_dist,0,4,0.0
431_H.csv,pupils_combined,0,4,0.0
431_H.csv,center_face,0,4,0.0
469_L.csv,eyes,0,4,0.0
469_L.csv,head_rotation,0,4,0.0
469_L.csv,mouth_dist,0,4,0.0
469_L.csv,pupils_combined,0,4,0.0
469_L.csv,center_face,0,4,0.0
450_H.csv,eyes,0,4,0.0
450_H.csv,head_rotation,0,4,0.0
450_H.csv,mouth_dist,0,4,0.0
450_H.csv,pupils_combined,0,4,0.0
450_H.csv,center_face,0,4,0.0
415_H.csv,eyes,0,4,0.0
415_H.csv,head_rotation,0,4,0.0
415_H.csv,mouth_dist,0,4,0.0
415_H.csv,pupils_combined,0,4,0.0
415_H.csv,center_face,0,4,0.0
408_M.csv,eyes,0,4,0.0
408_M.csv,head_rotation,0,4,0.0
408_M.csv,mouth_dist,0,4,0.0
408_M.csv,pupils_combined,0,4,0.0
408_M.csv,center_face,0,4,0.0
435_M.csv,eyes,0,4,0.0
435_M.csv,head_rotation,0,4,0.0
435_M.csv,mouth_dist,0,4,0.0
435_M.csv,pupils_combined,0,4,0.0
435_M.csv,center_face,0,4,0.0
470_M.csv,eyes,0,4,0.0
470_M.csv,head_rotation,0,4,0.0
470_M.csv,mouth_dist,0,4,0.0
470_M.csv,pupils_combined,0,4,0.0
470_M.csv,center_face,0,4,0.0
428_H.csv,eyes,0,4,0.0
428_H.csv,head_rotation,0,4,0.0
428_H.csv,mouth_dist,0,4,0.0
428_H.csv,pupils_combined,0,4,0.0
428_H.csv,center_face,0,4,0.0
411_L.csv,eyes,0,4,0.0
411_L.csv,head_rotation,0,4,0.0
411_L.csv,mouth_dist,0,4,0.0
411_L.csv,pupils_combined,0,4,0.0
411_L.csv,center_face,0,4,0.0
454_L.csv,eyes,0,4,0.0
454_L.csv,head_rotation,0,4,0.0
454_L.csv,mouth_dist,0,4,0.0
454_L.csv,pupils_combined,0,4,0.0
454_L.csv,center_face,0,4,0.0
437_M.csv,eyes,0,4,0.0
437_M.csv,head_rotation,0,4,0.0
437_M.csv,mouth_dist,0,4,0.0
437_M.csv,pupils_combined,0,4,0.0
437_M.csv,center_face,0,4,0.0
472_M.csv,eyes,0,4,0.0
472_M.csv,head_rotation,0,4,0.0
472_M.csv,mouth_dist,0,4,0.0
472_M.csv,pupils_combined,0,4,0.0
472_M.csv,center_face,0,4,0.0
413_L.csv,eyes,0,4,0.0
413_L.csv,head_rotation,0,4,0.0
413_L.csv,mouth_dist,0,4,0.0
413_L.csv,pupils_combined,0,4,0.0
413_L.csv,center_face,0,4,0.0
456_L.csv,eyes,0,4,0.0
456_L.csv,head_rotation,0,4,0.0
456_L.csv,mouth_dist,0,4,0.0
456_L.csv,pupils_combined,0,4,0.0
456_L.csv,center_face,0,4,0.0
452_H.csv,eyes,0,4,0.0
452_H.csv,head_rotation,0,4,0.0
452_H.csv,mouth_dist,0,4,0.0
452_H.csv,pupils_combined,0,4,0.0
452_H.csv,center_face,0,4,0.0
417_H.csv,eyes,0,4,0.0
417_H.csv,head_rotation,0,4,0.0
417_H.csv,mouth_dist,0,4,0.0
417_H.csv,pupils_combined,0,4,0.0
417_H.csv,center_face,0,4,0.0
476_H.csv,eyes,0,4,0.0
476_H.csv,head_rotation,0,4,0.0
476_H.csv,mouth_dist,0,4,0.0
476_H.csv,pupils_combined,0,4,0.0
476_H.csv,center_face,0,4,0.0
433_H.csv,eyes,0,4,0.0
433_H.csv,head_rotation,0,4,0.0
433_H.csv,mouth_dist,0,4,0.0
433_H.csv,pupils_combined,0,4,0.0
433_H.csv,center_face,0,4,0.0
413_M.csv,eyes,0,4,0.0
413_M.csv,head_rotation,0,4,0.0
413_M.csv,mouth_dist,0,4,0.0
413_M.csv,pupils_combined,0,4,0.0
413_M.csv,center_face,0,4,0.0
456_M.csv,eyes,0,4,0.0
456_M.csv,head_rotation,0,4,0.0
456_M.csv,mouth_dist,0,4,0.0
456_M.csv,pupils_combined,0,4,0.0
456_M.csv,center_face,0,4,0.0
437_L.csv,eyes,0,4,0.0
437_L.csv,head_rotation,0,4,0.0
437_L.csv,mouth_dist,0,4,0.0
437_L.csv,pupils_combined,0,4,0.0
437_L.csv,center_face,0,4,0.0
472_L.csv,eyes,0,4,0.0
472_L.csv,head_rotation,0,4,0.0
472_L.csv,mouth_dist,0,4,0.0
472_L.csv,pupils_combined,0,4,0.0
472_L.csv,center_face,0,4,0.0
402_H.csv,eyes,0,4,0.0
402_H.csv,head_rotation,0,4,0.0
402_H.csv,mouth_dist,0,4,0.0
402_H.csv,pupils_combined,0,4,0.0
402_H.csv,center_face,0,4,0.0
447_H.csv,eyes,0,4,0.0
447_H.csv,head_rotation,0,4,0.0
447_H.csv,mouth_dist,0,4,0.0
447_H.csv,pupils_combined,0,4,0.0
447_H.csv,center_face,0,4,0.0
443_L.csv,eyes,0,4,0.0
443_L.csv,head_rotation,0,4,0.0
443_L.csv,mouth_dist,0,4,0.0
443_L.csv,pupils_combined,0,4,0.0
443_L.csv,center_face,0,4,0.0
467_M.csv,eyes,0,4,0.0
467_M.csv,head_rotation,0,4,0.0
467_M.csv,mouth_dist,0,4,0.0
467_M.csv,pupils_combined,0,4,0.0
467_M.csv,center_face,0,4,0.0
422_M.csv,eyes,0,4,0.0
422_M.csv,head_rotation,0,4,0.0
422_M.csv,mouth_dist,0,4,0.0
422_M.csv,pupils_combined,0,4,0.0
422_M.csv,center_face,0,4,0.0
467_L.csv,eyes,0,4,0.0
467_L.csv,head_rotation,0,4,0.0
467_L.csv,mouth_dist,0,4,0.0
467_L.csv,pupils_combined,0,4,0.0
467_L.csv,center_face,0,4,0.0
422_L.csv,eyes,0,4,0.0
422_L.csv,head_rotation,0,4,0.0
422_L.csv,mouth_dist,0,4,0.0
422_L.csv,pupils_combined,0,4,0.0
422_L.csv,center_face,0,4,0.0
443_M.csv,eyes,0,4,0.0
443_M.csv,head_rotation,0,4,0.0
443_M.csv,mouth_dist,0,4,0.0
443_M.csv,pupils_combined,0,4,0.0
443_M.csv,center_face,0,4,0.0
426_H.csv,eyes,0,4,0.0
426_H.csv,head_rotation,0,4,0.0
426_H.csv,mouth_dist,0,4,0.0
426_H.csv,pupils_combined,0,4,0.0
426_H.csv,center_face,0,4,0.0
463_H.csv,eyes,0,4,0.0
463_H.csv,head_rotation,0,4,0.0
463_H.csv,mouth_dist,0,4,0.0
463_H.csv,pupils_combined,0,4,0.0
463_H.csv,center_face,0,4,0.0
439_M.csv,eyes,0,4,0.0
439_M.csv,head_rotation,0,4,0.0
439_M.csv,mouth_dist,0,4,0.0
439_M.csv,pupils_combined,0,4,0.0
439_M.csv,center_face,0,4,0.0
424_H.csv,eyes,0,4,0.0
424_H.csv,head_rotation,0,4,0.0
424_H.csv,mouth_dist,0,4,0.0
424_H.csv,pupils_combined,0,4,0.0
424_H.csv,center_face,0,4,0.0
461_H.csv,eyes,0,4,0.0
461_H.csv,head_rotation,0,4,0.0
461_H.csv,mouth_dist,0,4,0.0
461_H.csv,pupils_combined,0,4,0.0
461_H.csv,center_face,0,4,0.0
458_L.csv,eyes,0,4,0.0
458_L.csv,head_rotation,0,4,0.0
458_L.csv,mouth_dist,0,4,0.0
458_L.csv,pupils_combined,0,4,0.0
458_L.csv,center_face,0,4,0.0
465_L.csv,eyes,0,4,0.0
465_L.csv,head_rotation,0,4,0.0
465_L.csv,mouth_dist,0,4,0.0
465_L.csv,pupils_combined,0,4,0.0
465_L.csv,center_face,0,4,0.0
420_L.csv,eyes,0,4,0.0
420_L.csv,head_rotation,0,4,0.0
420_L.csv,mouth_dist,0,4,0.0
420_L.csv,pupils_combined,0,4,0.0
420_L.csv,center_face,0,4,0.0
419_H.csv,eyes,0,4,0.0
419_H.csv,head_rotation,0,4,0.0
419_H.csv,mouth_dist,0,4,0.0
419_H.csv,pupils_combined,0,4,0.0
419_H.csv,center_face,0,4,0.0
441_M.csv,eyes,0,4,0.0
441_M.csv,head_rotation,0,4,0.0
441_M.csv,mouth_dist,0,4,0.0
441_M.csv,pupils_combined,0,4,0.0
441_M.csv,center_face,0,4,0.0
404_M.csv,eyes,0,4,0.0
404_M.csv,head_rotation,0,4,0.0
404_M.csv,mouth_dist,0,4,0.0
404_M.csv,pupils_combined,0,4,0.0
404_M.csv,center_face,0,4,0.0
441_L.csv,eyes,0,4,0.0
441_L.csv,head_rotation,0,4,0.0
441_L.csv,mouth_dist,0,4,0.0
441_L.csv,pupils_combined,0,4,0.0
441_L.csv,center_face,0,4,0.0
404_L.csv,eyes,0,4,0.0
404_L.csv,head_rotation,0,4,0.0
404_L.csv,mouth_dist,0,4,0.0
404_L.csv,pupils_combined,0,4,0.0
404_L.csv,center_face,0,4,0.0
465_M.csv,eyes,0,4,0.0
465_M.csv,head_rotation,0,4,0.0
465_M.csv,mouth_dist,0,4,0.0
465_M.csv,pupils_combined,0,4,0.0
465_M.csv,center_face,0,4,0.0
420_M.csv,eyes,0,4,0.0
420_M.csv,head_rotation,0,4,0.0
420_M.csv,mouth_dist,0,4,0.0
420_M.csv,pupils_combined,0,4,0.0
420_M.csv,center_face,0,4,0.0
445_H.csv,eyes,0,4,0.0
445_H.csv,head_rotation,0,4,0.0
445_H.csv,mouth_dist,0,4,0.0
445_H.csv,pupils_combined,0,4,0.0
445_H.csv,center_face,0,4,0.0
458_M.csv,eyes,0,4,0.0
458_M.csv,head_rotation,0,4,0.0
458_M.csv,mouth_dist,0,4,0.0
458_M.csv,pupils_combined,0,4,0.0
458_M.csv,center_face,0,4,0.0
439_L.csv,eyes,0,4,0.0
439_L.csv,head_rotation,0,4,0.0
439_L.csv,mouth_dist,0,4,0.0
439_L.csv,pupils_combined,0,4,0.0
439_L.csv,center_face,0,4,0.0
439_H.csv,eyes,0,4,0.0
439_H.csv,head_rotation,0,4,0.0
439_H.csv,mouth_dist,0,4,0.0
439_H.csv,pupils_combined,0,4,0.0
439_H.csv,center_face,0,4,0.0
461_M.csv,eyes,0,4,0.0
461_M.csv,head_rotation,0,4,0.0
461_M.csv,mouth_dist,0,4,0.0
461_M.csv,pupils_combined,0,4,0.0
461_M.csv,center_face,0,4,0.0
424_M.csv,eyes,0,4,0.0
424_M.csv,head_rotation,0,4,0.0
424_M.csv,mouth_dist,0,4,0.0
424_M.csv,pupils_combined,0,4,0.0
424_M.csv,center_face,0,4,0.0
445_L.csv,eyes,0,4,0.0
445_L.csv,head_rotation,0,4,0.0
445_L.csv,mouth_dist,0,4,0.0
445_L.csv,pupils_combined,0,4,0.0
445_L.csv,center_face,0,4,0.0
419_M.csv,eyes,0,4,0.0
419_M.csv,head_rotation,0,4,0.0
419_M.csv,mouth_dist,0,4,0.0
419_M.csv,pupils_combined,0,4,0.0
419_M.csv,center_face,0,4,0.0
404_H.csv,eyes,0,4,0.0
404_H.csv,head_rotation,0,4,0.0
404_H.csv,mouth_dist,0,4,0.0
404_H.csv,pupils_combined,0,4,0.0
404_H.csv,center_face,0,4,0.0
441_H.csv,eyes,0,4,0.0
441_H.csv,head_rotation,0,4,0.0
441_H.csv,mouth_dist,0,4,0.0
441_H.csv,pupils_combined,0,4,0.0
441_H.csv,center_face,0,4,0.0
420_H.csv,eyes,0,4,0.0
420_H.csv,head_rotation,0,4,0.0
420_H.csv,mouth_dist,0,4,0.0
420_H.csv,pupils_combined,0,4,0.0
420_H.csv,center_face,0,4,0.0
465_H.csv,eyes,0,4,0.0
465_H.csv,head_rotation,0,4,0.0
465_H.csv,mouth_dist,0,4,0.0
465_H.csv,pupils_combined,0,4,0.0
465_H.csv,center_face,0,4,0.0
445_M.csv,eyes,0,4,0.0
445_M.csv,head_rotation,0,4,0.0
445_M.csv,mouth_dist,0,4,0.0
445_M.csv,pupils_combined,0,4,0.0
445_M.csv,center_face,0,4,0.0
458_H.csv,eyes,0,4,0.0
458_H.csv,head_rotation,0,4,0.0
458_H.csv,mouth_dist,0,4,0.0
458_H.csv,pupils_combined,0,4,0.0
458_H.csv,center_face,0,4,0.0
461_L.csv,eyes,0,4,0.0
461_L.csv,head_rotation,0,4,0.0
461_L.csv,mouth_dist,0,4,0.0
461_L.csv,pupils_combined,0,4,0.0
461_L.csv,center_face,0,4,0.0
424_L.csv,eyes,0,4,0.0
424_L.csv,head_rotation,0,4,0.0
424_L.csv,mouth_dist,0,4,0.0
424_L.csv,pupils_combined,0,4,0.0
424_L.csv,center_face,0,4,0.0
447_M.csv,eyes,0,4,0.0
447_M.csv,head_rotation,0,4,0.0
447_M.csv,mouth_dist,0,4,0.0
447_M.csv,pupils_combined,0,4,0.0
447_M.csv,center_face,0,4,0.0
402_M.csv,eyes,0,4,0.0
402_M.csv,head_rotation,0,4,0.0
402_M.csv,mouth_dist,0,4,0.0
402_M.csv,pupils_combined,0,4,0.0
402_M.csv,center_face,0,4,0.0
463_L.csv,eyes,0,4,0.0
463_L.csv,head_rotation,0,4,0.0
463_L.csv,mouth_dist,0,4,0.0
463_L.csv,pupils_combined,0,4,0.0
463_L.csv,center_face,0,4,0.0
426_L.csv,eyes,0,4,0.0
426_L.csv,head_rotation,0,4,0.0
426_L.csv,mouth_dist,0,4,0.0
426_L.csv,pupils_combined,0,4,0.0
426_L.csv,center_face,0,4,0.0
422_H.csv,eyes,0,4,0.0
422_H.csv,head_rotation,0,4,0.0
422_H.csv,mouth_dist,0,4,0.0
422_H.csv,pupils_combined,0,4,0.0
422_H.csv,center_face,0,4,0.0
467_H.csv,eyes,0,4,0.0
467_H.csv,head_rotation,0,4,0.0
467_H.csv,mouth_dist,0,4,0.0
467_H.csv,pupils_combined,0,4,0.0
467_H.csv,center_face,0,4,0.0
443_H.csv,eyes,0,4,0.0
443_H.csv,head_rotation,0,4,0.0
443_H.csv,mouth_dist,0,4,0.0
443_H.csv,pupils_combined,0,4,0.0
443_H.csv,center_face,0,4,0.0
463_M.csv,eyes,0,4,0.0
463_M.csv,head_rotation,0,4,0.0
463_M.csv,mouth_dist,0,4,0.0
463_M.csv,pupils_combined,0,4,0.0
463_M.csv,center_face,0,4,0.0
426_M.csv,eyes,0,4,0.0
426_M.csv,head_rotation,0,4,0.0
426_M.csv,mouth_dist,0,4,0.0
426_M.csv,pupils_combined,0,4,0.0
426_M.csv,center_face,0,4,0.0
447_L.csv,eyes,0,4,0.0
447_L.csv,head_rotation,0,4,0.0
447_L.csv,mouth_dist,0,4,0.0
447_L.csv,pupils_combined,0,4,0.0
447_L.csv,center_face,0,4,0.0
402_L.csv,eyes,0,4,0.0
402_L.csv,head_rotation,0,4,0.0
402_L.csv,mouth_dist,0,4,0.0
402_L.csv,pupils_combined,0,4,0.0
402_L.csv,center_face,0,4,0.0
418_H.csv,eyes,0,4,0.0
418_H.csv,head_rotation,0,4,0.0
418_H.csv,mouth_dist,0,4,0.0
418_H.csv,pupils_combined,0,4,0.0
418_H.csv,center_face,0,4,0.0
440_M.csv,eyes,0,4,0.0
440_M.csv,head_rotation,0,4,0.0
440_M.csv,mouth_dist,0,4,0.0
440_M.csv,pupils_combined,0,4,0.0
440_M.csv,center_face,0,4,0.0
421_L.csv,eyes,0,4,0.0
421_L.csv,head_rotation,0,4,0.0
421_L.csv,mouth_dist,0,4,0.0
421_L.csv,pupils_combined,0,4,0.0
421_L.csv,center_face,0,4,0.0
464_L.csv,eyes,0,4,0.0
464_L.csv,head_rotation,0,4,0.0
464_L.csv,mouth_dist,0,4,0.0
464_L.csv,pupils_combined,0,4,0.0
464_L.csv,center_face,0,4,0.0
459_L.csv,eyes,0,4,0.0
459_L.csv,head_rotation,0,4,0.0
459_L.csv,mouth_dist,0,4,0.0
459_L.csv,pupils_combined,0,4,0.0
459_L.csv,center_face,0,4,0.0
438_M.csv,eyes,0,4,0.0
438_M.csv,head_rotation,0,4,0.0
438_M.csv,mouth_dist,0,4,0.0
438_M.csv,pupils_combined,0,4,0.0
438_M.csv,center_face,0,4,0.0
460_H.csv,eyes,0,4,0.0
460_H.csv,head_rotation,0,4,0.0
460_H.csv,mouth_dist,0,4,0.0
460_H.csv,pupils_combined,0,4,0.0
460_H.csv,center_face,0,4,0.0
425_H.csv,eyes,0,4,0.0
425_H.csv,head_rotation,0,4,0.0
425_H.csv,mouth_dist,0,4,0.0
425_H.csv,pupils_combined,0,4,0.0
425_H.csv,center_face,0,4,0.0
438_L.csv,eyes,0,4,0.0
438_L.csv,head_rotation,0,4,0.0
438_L.csv,mouth_dist,0,4,0.0
438_L.csv,pupils_combined,0,4,0.0
438_L.csv,center_face,0,4,0.0
444_H.csv,eyes,0,4,0.0
444_H.csv,head_rotation,0,4,0.0
444_H.csv,mouth_dist,1,4,0.25
444_H.csv,pupils_combined,0,4,0.0
444_H.csv,center_face,0,4,0.0
459_M.csv,eyes,0,4,0.0
459_M.csv,head_rotation,0,4,0.0
459_M.csv,mouth_dist,0,4,0.0
459_M.csv,pupils_combined,0,4,0.0
459_M.csv,center_face,0,4,0.0
421_M.csv,eyes,0,4,0.0
421_M.csv,head_rotation,0,4,0.0
421_M.csv,mouth_dist,0,4,0.0
421_M.csv,pupils_combined,0,4,0.0
421_M.csv,center_face,0,4,0.0
464_M.csv,eyes,0,4,0.0
464_M.csv,head_rotation,0,4,0.0
464_M.csv,mouth_dist,0,4,0.0
464_M.csv,pupils_combined,0,4,0.0
464_M.csv,center_face,0,4,0.0
440_L.csv,eyes,0,4,0.0
440_L.csv,head_rotation,0,4,0.0
440_L.csv,mouth_dist,0,4,0.0
440_L.csv,pupils_combined,0,4,0.0
440_L.csv,center_face,0,4,0.0
423_M.csv,eyes,0,4,0.0
423_M.csv,head_rotation,0,4,0.0
423_M.csv,mouth_dist,0,4,0.0
423_M.csv,pupils_combined,0,4,0.0
423_M.csv,center_face,0,4,0.0
466_M.csv,eyes,0,4,0.0
466_M.csv,head_rotation,0,4,0.0
466_M.csv,mouth_dist,0,4,0.0
466_M.csv,pupils_combined,0,4,0.0
466_M.csv,center_face,0,4,0.0
407_L.csv,eyes,0,4,0.0
407_L.csv,head_rotation,0,4,0.0
407_L.csv,mouth_dist,0,4,0.0
407_L.csv,pupils_combined,0,4,0.0
407_L.csv,center_face,0,4,0.0
442_L.csv,eyes,0,4,0.0
442_L.csv,head_rotation,0,4,0.0
442_L.csv,mouth_dist,0,4,0.0
442_L.csv,pupils_combined,0,4,0.0
442_L.csv,center_face,0,4,0.0
446_H.csv,eyes,0,4,0.0
446_H.csv,head_rotation,0,4,0.0
446_H.csv,mouth_dist,0,4,0.0
446_H.csv,pupils_combined,0,4,0.0
446_H.csv,center_face,0,4,0.0
462_H.csv,eyes,0,4,0.0
462_H.csv,head_rotation,0,4,0.0
462_H.csv,mouth_dist,0,4,0.0
462_H.csv,pupils_combined,0,4,0.0
462_H.csv,center_face,0,4,0.0
427_H.csv,eyes,0,4,0.0
427_H.csv,head_rotation,0,4,0.0
427_H.csv,mouth_dist,0,4,0.0
427_H.csv,pupils_combined,0,4,0.0
427_H.csv,center_face,0,4,0.0
407_M.csv,eyes,0,4,0.0
407_M.csv,head_rotation,0,4,0.0
407_M.csv,mouth_dist,0,4,0.0
407_M.csv,pupils_combined,0,4,0.0
407_M.csv,center_face,0,4,0.0
442_M.csv,eyes,0,4,0.0
442_M.csv,head_rotation,0,4,0.0
442_M.csv,mouth_dist,0,4,0.0
442_M.csv,pupils_combined,0,4,0.0
442_M.csv,center_face,0,4,0.0
423_L.csv,eyes,0,4,0.0
423_L.csv,head_rotation,0,4,0.0
423_L.csv,mouth_dist,0,4,0.0
423_L.csv,pupils_combined,0,4,0.0
423_L.csv,center_face,0,4,0.0
466_L.csv,eyes,0,4,0.0
466_L.csv,head_rotation,0,4,0.0
466_L.csv,mouth_dist,0,4,0.0
466_L.csv,pupils_combined,0,4,0.0
466_L.csv,center_face,0,4,0.0
466_H.csv,eyes,0,4,0.0
466_H.csv,head_rotation,0,4,0.0
466_H.csv,mouth_dist,0,4,0.0
466_H.csv,pupils_combined,0,4,0.0
466_H.csv,center_face,0,4,0.0
423_H.csv,eyes,0,4,0.0
423_H.csv,head_rotation,0,4,0.0
423_H.csv,mouth_dist,0,4,0.0
423_H.csv,pupils_combined,0,4,0.0
423_H.csv,center_face,0,4,0.0
427_L.csv,eyes,0,4,0.0
427_L.csv,head_rotation,0,4,0.0
427_L.csv,mouth_dist,0,4,0.0
427_L.csv,pupils_combined,0,4,0.0
427_L.csv,center_face,0,4,0.0
462_L.csv,eyes,0,4,0.0
462_L.csv,head_rotation,0,4,0.0
462_L.csv,mouth_dist,0,4,0.0
462_L.csv,pupils_combined,0,4,0.0
462_L.csv,center_face,0,4,0.0
446_M.csv,eyes,0,4,0.0
446_M.csv,head_rotation,0,4,0.0
446_M.csv,mouth_dist,0,4,0.0
446_M.csv,pupils_combined,0,4,0.0
446_M.csv,center_face,0,4,0.0
446_L.csv,eyes,0,4,0.0
446_L.csv,head_rotation,0,4,0.0
446_L.csv,mouth_dist,0,4,0.0
446_L.csv,pupils_combined,0,4,0.0
446_L.csv,center_face,0,4,0.0
427_M.csv,eyes,0,4,0.0
427_M.csv,head_rotation,0,4,0.0
427_M.csv,mouth_dist,0,4,0.0
427_M.csv,pupils_combined,0,4,0.0
427_M.csv,center_face,0,4,0.0
462_M.csv,eyes,0,4,0.0
462_M.csv,head_rotation,0,4,0.0
462_M.csv,mouth_dist,0,4,0.0
462_M.csv,pupils_combined,0,4,0.0
462_M.csv,center_face,0,4,0.0
442_H.csv,eyes,0,4,0.0
442_H.csv,head_rotation,0,4,0.0
442_H.csv,mouth_dist,0,4,0.0
442_H.csv,pupils_combined,0,4,0.0
442_H.csv,center_face,0,4,0.0
407_H.csv,eyes,0,4,0.0
407_H.csv,head_rotation,0,4,0.0
407_H.csv,mouth_dist,0,4,0.0
407_H.csv,pupils_combined,0,4,0.0
407_H.csv,center_face,0,4,0.0
418_M.csv,eyes,0,4,0.0
418_M.csv,head_rotation,0,4,0.0
418_M.csv,mouth_dist,0,4,0.0
418_M.csv,pupils_combined,0,4,0.0
418_M.csv,center_face,0,4,0.0
440_H.csv,eyes,0,4,0.0
440_H.csv,head_rotation,0,4,0.0
440_H.csv,mouth_dist,0,4,0.0
440_H.csv,pupils_combined,0,4,0.0
440_H.csv,center_face,0,4,0.0
444_L.csv,eyes,0,4,0.0
444_L.csv,head_rotation,0,4,0.0
444_L.csv,mouth_dist,0,4,0.0
444_L.csv,pupils_combined,0,4,0.0
444_L.csv,center_face,0,4,0.0
438_H.csv,eyes,0,4,0.0
438_H.csv,head_rotation,0,4,0.0
438_H.csv,mouth_dist,0,4,0.0
438_H.csv,pupils_combined,0,4,0.0
438_H.csv,center_face,0,4,0.0
425_M.csv,eyes,0,4,0.0
425_M.csv,head_rotation,0,4,0.0
425_M.csv,mouth_dist,0,4,0.0
425_M.csv,pupils_combined,0,4,0.0
425_M.csv,center_face,0,4,0.0
460_M.csv,eyes,0,4,0.0
460_M.csv,head_rotation,0,4,0.0
460_M.csv,mouth_dist,0,4,0.0
460_M.csv,pupils_combined,0,4,0.0
460_M.csv,center_face,0,4,0.0
425_L.csv,eyes,0,4,0.0
425_L.csv,head_rotation,0,4,0.0
425_L.csv,mouth_dist,0,4,0.0
425_L.csv,pupils_combined,0,4,0.0
425_L.csv,center_face,0,4,0.0
460_L.csv,eyes,0,4,0.0
460_L.csv,head_rotation,0,4,0.0
460_L.csv,mouth_dist,0,4,0.0
460_L.csv,pupils_combined,0,4,0.0
460_L.csv,center_face,0,4,0.0
444_M.csv,eyes,0,4,0.0
444_M.csv,head_rotation,0,4,0.0
444_M.csv,mouth_dist,0,4,0.0
444_M.csv,pupils_combined,0,4,0.0
444_M.csv,center_face,0,4,0.0
459_H.csv,eyes,0,4,0.0
459_H.csv,head_rotation,0,4,0.0
459_H.csv,mouth_dist,0,4,0.0
459_H.csv,pupils_combined,0,4,0.0
459_H.csv,center_face,0,4,0.0
464_H.csv,eyes,0,4,0.0
464_H.csv,head_rotation,0,4,0.0
464_H.csv,mouth_dist,0,4,0.0
464_H.csv,pupils_combined,0,4,0.0
464_H.csv,center_face,0,4,0.0
421_H.csv,eyes,0,4,0.0
421_H.csv,head_rotation,0,4,0.0
421_H.csv,mouth_dist,0,4,0.0
421_H.csv,pupils_combined,0,4,0.0
421_H.csv,center_face,0,4,0.0
418_L.csv,eyes,0,4,0.0
418_L.csv,head_rotation,0,4,0.0
418_L.csv,mouth_dist,0,4,0.0
418_L.csv,pupils_combined,0,4,0.0
418_L.csv,center_face,0,4,0.0
